-- Eliminamos cualquier copia de la base de datos
DROP DATABASE IF EXISTS `db_inventory`;

-- Creamos la base de datos y la seleccionamos
CREATE DATABASE `db_inventory`;
USE `db_inventory`;

-- Creamos la tabla db_inventory.branches
CREATE TABLE IF NOT EXISTS `branches` (
  `id` int unsigned NOT NULL AUTO_INCREMENT,
  `name` varchar(191) CHARACTER SET utf8mb4 COLLATE utf8mb4_unicode_ci NOT NULL,
  `created_at` timestamp NULL DEFAULT NULL,
  `updated_at` timestamp NULL DEFAULT NULL,
  PRIMARY KEY (`id`)
) ENGINE=InnoDB DEFAULT CHARSET=utf8mb4 COLLATE=utf8mb4_unicode_ci;

-- Creamos la tabla db_inventory.categories
CREATE TABLE IF NOT EXISTS `categories` (
  `id` int unsigned NOT NULL AUTO_INCREMENT,
  `name` varchar(191) CHARACTER SET utf8mb4 COLLATE utf8mb4_unicode_ci NOT NULL,
  `status` tinyint NOT NULL DEFAULT '1',
  `created_at` timestamp NULL DEFAULT NULL,
  `updated_at` timestamp NULL DEFAULT NULL,
  PRIMARY KEY (`id`)
) ENGINE=InnoDB DEFAULT CHARSET=utf8mb4 COLLATE=utf8mb4_unicode_ci;

INSERT INTO `categories` (`name`) VALUES
	('Antibióticos'), ('Analgésicos'), ('Anticoagulantes');

-- Creamos la tabla db_inventory.companies
CREATE TABLE IF NOT EXISTS `companies` (
  `id` int unsigned NOT NULL AUTO_INCREMENT,
  `name` varchar(191) CHARACTER SET utf8mb4 COLLATE utf8mb4_unicode_ci NOT NULL,
  `phone` varchar(191) CHARACTER SET utf8mb4 COLLATE utf8mb4_unicode_ci NOT NULL,
  `address` text CHARACTER SET utf8mb4 COLLATE utf8mb4_unicode_ci NOT NULL,
  `created_at` timestamp NULL DEFAULT NULL,
  `updated_at` timestamp NULL DEFAULT NULL,
  PRIMARY KEY (`id`)
) ENGINE=InnoDB DEFAULT CHARSET=utf8mb4 COLLATE=utf8mb4_unicode_ci;

-- Insertamos datos en la tabla db_inventory.companies
INSERT INTO `companies` (`name`, `phone`, `address`) VALUES
	('CARDIOCLÍNIC', '79410133', '8va calle 17-08 zona 3 Hospital Centro Médico Zacapa, cuarto nivel Clínica 402');

-- Creamos la tabla db_inventory.customers
CREATE TABLE IF NOT EXISTS `customers` (
  `id` int unsigned NOT NULL AUTO_INCREMENT,
  `name` varchar(191) CHARACTER SET utf8mb4 COLLATE utf8mb4_unicode_ci NOT NULL,
  `email` varchar(191) CHARACTER SET utf8mb4 COLLATE utf8mb4_unicode_ci DEFAULT NULL,
  `phone` varchar(191) CHARACTER SET utf8mb4 COLLATE utf8mb4_unicode_ci DEFAULT NULL,
  `address` text CHARACTER SET utf8mb4 COLLATE utf8mb4_unicode_ci DEFAULT NULL,
  `status` tinyint NOT NULL DEFAULT '1',
  `created_at` timestamp NULL DEFAULT NULL,
  `updated_at` timestamp NULL DEFAULT NULL,
  PRIMARY KEY (`id`)
) ENGINE=InnoDB DEFAULT CHARSET=utf8mb4 COLLATE=utf8mb4_unicode_ci;

-- Insertamos datos en la tabla db_inventory.customers
INSERT INTO `customers` (`name`) VALUES ('Consumidor Final (C/F)');

-- Creamos la tabla db_inventory.menus
CREATE TABLE IF NOT EXISTS `menus` (
  `id` int unsigned NOT NULL AUTO_INCREMENT,
  `parent_id` int NOT NULL DEFAULT '0',
  `name` varchar(191) CHARACTER SET utf8mb4 COLLATE utf8mb4_unicode_ci NOT NULL,
  `icon` varchar(191) CHARACTER SET utf8mb4 COLLATE utf8mb4_unicode_ci DEFAULT NULL,
  `menu_url` varchar(191) CHARACTER SET utf8mb4 COLLATE utf8mb4_unicode_ci DEFAULT NULL,
  `status` tinyint NOT NULL DEFAULT '0',
  `created_at` timestamp NULL DEFAULT NULL,
  `updated_at` timestamp NULL DEFAULT NULL,
  PRIMARY KEY (`id`)
) ENGINE=InnoDB DEFAULT CHARSET=utf8mb4 COLLATE=utf8mb4_unicode_ci;

-- Insertamos datos en la tabla db_inventory.menus
INSERT INTO `menus` (`id`, `parent_id`, `name`, `icon`, `menu_url`) VALUES
  (1, 0, 'Clientes', 'contacts', 'customer.index'),
  (2, 0, 'Gestión de Productos', 'category', NULL),
  (3, 0, 'Gestión de Existencias', 'inventory', NULL),
  (4, 0, 'Gestión de usuarios', 'supervised_user_circle', NULL),
  (5, 0, 'Reportes', 'receipt_long', 'report.index'),
  (6, 0, 'Configuración', 'settings', NULL),
  (7, 2, 'Categorias', NULL, 'category.index'),
  (8, 2, 'Productos', NULL, 'product.index'),
  (9, 2, 'Proveedores', NULL, 'supplier.index'),
  (10, 3, 'Entradas', NULL, 'stock.index'),
  (11, 3, 'Salidas / Facturación', NULL, 'invoice.index'),
  (12, 4, 'Gestión de roles', NULL, 'role.index'),
  (13, 4, 'Usuarios', NULL, 'user.index'),
  (14, 6, 'Información de la empresa', NULL, 'company.index'),
  (15, 6, 'Cambiar la contraseña', NULL, 'password.index');

-- Creamos la tabla db_inventory.migrations
CREATE TABLE IF NOT EXISTS `migrations` (
  `id` int unsigned NOT NULL AUTO_INCREMENT,
  `migration` varchar(191) CHARACTER SET utf8mb4 COLLATE utf8mb4_unicode_ci NOT NULL,
  `batch` int NOT NULL,
  PRIMARY KEY (`id`)
) ENGINE=InnoDB DEFAULT CHARSET=utf8mb4 COLLATE=utf8mb4_unicode_ci;

-- Creamos la tabla db_inventory.password_resets
CREATE TABLE IF NOT EXISTS `password_resets` (
  `email` varchar(191) CHARACTER SET utf8mb4 COLLATE utf8mb4_unicode_ci NOT NULL,
  `token` varchar(191) CHARACTER SET utf8mb4 COLLATE utf8mb4_unicode_ci NOT NULL,
  `created_at` timestamp NULL DEFAULT NULL,
  KEY `password_resets_email_index` (`email`)
) ENGINE=InnoDB DEFAULT CHARSET=utf8mb4 COLLATE=utf8mb4_unicode_ci;

-- Creamos la tabla db_inventory.payments
CREATE TABLE IF NOT EXISTS `payments` (
  `id` int unsigned NOT NULL AUTO_INCREMENT,
  `sell_id` int NOT NULL,
  `customer_id` int NOT NULL,
  `user_id` int NOT NULL,
  `payment_date` varchar(191) CHARACTER SET utf8mb4 COLLATE utf8mb4_unicode_ci NOT NULL,
  `paid_in` varchar(191) CHARACTER SET utf8mb4 COLLATE utf8mb4_unicode_ci NOT NULL,
  `bank_information` text CHARACTER SET utf8mb4 COLLATE utf8mb4_unicode_ci,
  `amount` double NOT NULL,
  `created_at` timestamp NULL DEFAULT NULL,
  `updated_at` timestamp NULL DEFAULT NULL,
  PRIMARY KEY (`id`),
  KEY `sell_id` (`sell_id`)
) ENGINE=InnoDB DEFAULT CHARSET=utf8mb4 COLLATE=utf8mb4_unicode_ci;

-- Creamos la tabla db_inventory.permissions
CREATE TABLE IF NOT EXISTS `permissions` (
  `id` int unsigned NOT NULL AUTO_INCREMENT,
  `role_id` int NOT NULL,
  `menu_id` int NOT NULL,
  `created_at` timestamp NULL DEFAULT NULL,
  `updated_at` timestamp NULL DEFAULT NULL,
  PRIMARY KEY (`id`)
) ENGINE=InnoDB DEFAULT CHARSET=utf8mb4 COLLATE=utf8mb4_unicode_ci;

-- Insertamos datos en la tabla db_inventory.permissions
INSERT INTO `permissions` (`role_id`, `menu_id`) VALUES
  (1, 1),
  (1, 2),
  (1, 3),
  (1, 4),
  (1, 5),
  (1, 6),
  (1, 7),
  (1, 8),
  (1, 9),
  (1, 10),
  (1, 11),
  (1, 12),
  (1, 13),
  (1, 14),
  (1, 15);

-- Creamos la tabla db_inventory.products
CREATE TABLE IF NOT EXISTS `products` (
  `id` int unsigned NOT NULL AUTO_INCREMENT,
  `category_id` int NOT NULL,
  `name` varchar(191) CHARACTER SET utf8mb4 COLLATE utf8mb4_unicode_ci NOT NULL,
  `details` text CHARACTER SET utf8mb4 COLLATE utf8mb4_unicode_ci,
  `image_url` varchar(191) CHARACTER SET utf8mb4 COLLATE utf8mb4_unicode_ci DEFAULT NULL,
  `barcode` varchar(50) CHARACTER SET utf8mb4 COLLATE utf8mb4_unicode_ci DEFAULT NULL,
  `status` tinyint NOT NULL DEFAULT '1',
  `created_at` timestamp NULL DEFAULT NULL,
  `updated_at` timestamp NULL DEFAULT NULL,
  PRIMARY KEY (`id`),
  KEY `category_id` (`category_id`)
) ENGINE=InnoDB DEFAULT CHARSET=utf8mb4 COLLATE=utf8mb4_unicode_ci;

INSERT INTO `products` (`category_id`, `name`, `details`) VALUES
	(1, 'Amoxicilina', 'Utilizado para tratar infecciones bacterianas'),
  (2, 'Ibuprofeno', 'Alivia el dolor, reduce la inflamación y baja la fiebre.'),
  (3, 'Warfarina', 'Utilizado para prevenir la formación de coágulos sanguíneos.');

-- Creamos la tabla db_inventory.roles
CREATE TABLE IF NOT EXISTS `roles` (
  `id` int unsigned NOT NULL AUTO_INCREMENT,
  `name` varchar(191) CHARACTER SET utf8mb4 COLLATE utf8mb4_unicode_ci NOT NULL,
  `created_at` timestamp NULL DEFAULT NULL,
  `updated_at` timestamp NULL DEFAULT NULL,
  PRIMARY KEY (`id`)
) ENGINE=InnoDB DEFAULT CHARSET=utf8mb4 COLLATE=utf8mb4_unicode_ci;

-- Insertamos datos en la tabla db_inventory.roles
INSERT INTO `roles` (`name`) VALUES 
  ('Superadministrador');

-- Creamos la tabla db_inventory.sells
CREATE TABLE IF NOT EXISTS `sells` (
  `id` int unsigned NOT NULL AUTO_INCREMENT,
  `user_id` int NOT NULL,
  `customer_id` int NOT NULL,
  `branch_id` int NOT NULL DEFAULT '1',
  `total_amount` double NOT NULL,
  `paid_amount` double NOT NULL DEFAULT '0',
  `sell_date` varchar(191) CHARACTER SET utf8mb4 COLLATE utf8mb4_unicode_ci DEFAULT NULL,
  `discount_amount` double NOT NULL DEFAULT '0',
  `payment_method` tinyint NOT NULL DEFAULT '0',
  `payment_status` tinyint NOT NULL DEFAULT '0',
  `created_at` timestamp NULL DEFAULT NULL,
  `updated_at` timestamp NULL DEFAULT NULL,
  PRIMARY KEY (`id`)
) ENGINE=InnoDB DEFAULT CHARSET=utf8mb4 COLLATE=utf8mb4_unicode_ci;

-- Creamos la tabla db_inventory.sell_details
CREATE TABLE IF NOT EXISTS `sell_details` (
  `id` int unsigned NOT NULL AUTO_INCREMENT,
  `stock_id` int NOT NULL,
  `sell_id` int NOT NULL,
  `product_id` int NOT NULL,
  `category_id` int NOT NULL,
  `vendor_id` int NOT NULL,
  `user_id` int NOT NULL,
  `chalan_no` varchar(191) CHARACTER SET utf8mb4 COLLATE utf8mb4_unicode_ci NOT NULL,
  `selling_date` varchar(191) CHARACTER SET utf8mb4 COLLATE utf8mb4_unicode_ci NOT NULL,
  `customer_id` varchar(191) CHARACTER SET utf8mb4 COLLATE utf8mb4_unicode_ci NOT NULL,
  `sold_quantity` int NOT NULL,
  `buy_price` double NOT NULL,
  `sold_price` double NOT NULL,
  `total_buy_price` double NOT NULL,
  `total_sold_price` double NOT NULL,
  `discount` double NOT NULL,
  `discount_type` tinyint NOT NULL,
  `discount_amount` double NOT NULL,
  `created_at` timestamp NULL DEFAULT NULL,
  `updated_at` timestamp NULL DEFAULT NULL,
  PRIMARY KEY (`id`),
  KEY `stock_id` (`stock_id`),
  KEY `selling_date` (`selling_date`),
  KEY `product_id` (`product_id`),
  KEY `category_id` (`category_id`),
  KEY `vendor_id` (`vendor_id`),
  KEY `user_id` (`user_id`),
  KEY `sell_id` (`sell_id`)
) ENGINE=InnoDB DEFAULT CHARSET=utf8mb4 COLLATE=utf8mb4_unicode_ci;

-- Creamos la tabla db_inventory.stocks
CREATE TABLE IF NOT EXISTS `stocks` (
  `id` int unsigned NOT NULL AUTO_INCREMENT,
  `category_id` int NOT NULL,
  `product_code` varchar(191) CHARACTER SET utf8mb4 COLLATE utf8mb4_unicode_ci NOT NULL,
  `product_id` int NOT NULL,
  `vendor_id` int NOT NULL,
  `user_id` int NOT NULL,
  `chalan_no` varchar(191) CHARACTER SET utf8mb4 COLLATE utf8mb4_unicode_ci NOT NULL,
  `buying_price` double NOT NULL,
  `selling_price` double NOT NULL,
  `discount` double NOT NULL DEFAULT '0',
  `stock_quantity` int NOT NULL,
  `current_quantity` int NOT NULL DEFAULT '0',
  `note` text CHARACTER SET utf8mb4 COLLATE utf8mb4_unicode_ci,
  `status` tinyint NOT NULL DEFAULT '1',
  `created_at` timestamp NULL DEFAULT NULL,
  `updated_at` timestamp NULL DEFAULT NULL,
  PRIMARY KEY (`id`),
  KEY `category_id` (`category_id`),
  KEY `product_id` (`product_id`),
  KEY `vendor_id` (`vendor_id`),
  KEY `stock_quantity` (`stock_quantity`)
) ENGINE=InnoDB DEFAULT CHARSET=utf8mb4 COLLATE=utf8mb4_unicode_ci;

-- Creamos la tabla db_inventory.users
CREATE TABLE IF NOT EXISTS `users` (
  `id` int unsigned NOT NULL AUTO_INCREMENT,
  `name` varchar(191) CHARACTER SET utf8mb4 COLLATE utf8mb4_unicode_ci NOT NULL,
  `email` varchar(191) CHARACTER SET utf8mb4 COLLATE utf8mb4_unicode_ci NOT NULL,
  `password` varchar(191) CHARACTER SET utf8mb4 COLLATE utf8mb4_unicode_ci NOT NULL,
  `branch_id` int NOT NULL DEFAULT '1',
  `role_id` int NOT NULL DEFAULT '1',
  `remember_token` varchar(100) CHARACTER SET utf8mb4 COLLATE utf8mb4_unicode_ci DEFAULT NULL,
  `created_at` timestamp NULL DEFAULT NULL,
  `updated_at` timestamp NULL DEFAULT NULL,
  PRIMARY KEY (`id`),
  UNIQUE KEY `users_email_unique` (`email`)
) ENGINE=InnoDB DEFAULT CHARSET=utf8mb4 COLLATE=utf8mb4_unicode_ci;

-- Insertamos datos en la tabla db_inventory.users
INSERT INTO `users` (`name`, `email`, `password`, `remember_token`) VALUES
	('Dulman Pineda', 'dulmanpinedamd@gmail.com', '$2y$10$W/nqTuN0X.JaGtGBkpw01OTSL0I3aShYL9QusP8Q5kIZ2AviqQHKC', '6zd4CxMA9RCTnuJaxtyhByrBYJsPfV9GtAB4pJE3Ht6YTsIvQ7ETjUVO1jlv');

-- Creamos la tabla db_inventory.vendors
CREATE TABLE IF NOT EXISTS `vendors` (
  `id` int unsigned NOT NULL AUTO_INCREMENT,
  `name` varchar(191) CHARACTER SET utf8mb4 COLLATE utf8mb4_unicode_ci NOT NULL,
  `phone` varchar(191) CHARACTER SET utf8mb4 COLLATE utf8mb4_unicode_ci NOT NULL,
  `email` varchar(191) CHARACTER SET utf8mb4 COLLATE utf8mb4_unicode_ci DEFAULT NULL,
  `address` text CHARACTER SET utf8mb4 COLLATE utf8mb4_unicode_ci,
  `created_at` timestamp NULL DEFAULT NULL,
  `updated_at` timestamp NULL DEFAULT NULL,
  PRIMARY KEY (`id`)
) ENGINE=InnoDB DEFAULT CHARSET=utf8mb4 COLLATE=utf8mb4_unicode_ci;

INSERT INTO `vendors` (`name`, `phone`, `email`, `address`) VALUES
	('Bayer', '5277-5412', 'contacto@bayer.com.gt', '8va calle, zona 2 capitalina');